order_id,date,region,product,customer_id,quantity,unit_price,revenue,channel
ORD-0001,2026-01-01,East,Notebook,CUST-001,1,25,25,Online
ORD-0002,2026-01-02,West,Keyboard,CUST-002,2,80,160,Retail
ORD-0003,2026-01-03,North,Monitor,CUST-003,3,150,450,Online
ORD-0004,2026-01-04,South,Desk,CUST-004,4,300,1200,Retail
ORD-0005,2026-01-05,East,Notebook,CUST-005,5,25,125,Online
ORD-0006,2026-01-06,West,Keyboard,CUST-006,1,80,80,Retail
ORD-0007,2026-01-07,North,Monitor,CUST-007,2,150,300,Online
ORD-0008,2026-01-08,South,Desk,CUST-008,3,300,900,Retail
ORD-0009,2026-01-09,East,Notebook,CUST-009,4,25,100,Online
ORD-0010,2026-01-10,West,Keyboard,CUST-010,5,80,400,Retail
ORD-0011,2026-01-11,North,Monitor,CUST-011,1,150,12000,Online
ORD-0012,2026-01-12,South,Desk,CUST-012,2,300,600,Retail
ORD-0013,2026-01-13,East,Notebook,CUST-001,3,25,75,Online
ORD-0014,2026-01-14,West,Keyboard,CUST-002,4,80,320,Retail
ORD-0015,2026-01-15,North,Monitor,CUST-003,5,150,750,Online
ORD-0016,2026-01-16,South,Desk,CUST-004,1,300,300,Retail
ORD-0017,2026-01-17,East,Notebook,CUST-005,2,25,50,Online
ORD-0018,2026-01-18,West,Keyboard,CUST-006,3,80,240,Retail
ORD-0019,2026-01-19,North,Monitor,CUST-007,4,150,600,Online
ORD-0020,2026-01-20,South,Desk,CUST-008,5,300,1500,Retail
ORD-0021,2026-02-01,East,Notebook,CUST-001,1,25,25,Online
ORD-0022,2026-02-02,West,Keyboard,CUST-002,2,80,,Retail
ORD-0023,2026-02-03,North,Monitor,CUST-003,3,150,450,Online
ORD-0024,2026-02-04,South,Desk,CUST-004,4,300,1200,Retail
ORD-0025,2026-02-05,East,Notebook,CUST-005,5,25,125,Online
ORD-0026,2026-02-06,West,Keyboard,CUST-006,1,80,80,Retail
ORD-0027,2026-02-07,North,Monitor,CUST-007,2,150,300,Online
ORD-0028,2026-02-08,South,Desk,CUST-008,3,300,900,Retail
ORD-0029,2026-02-09,East,Notebook,CUST-009,4,25,100,Online
ORD-0030,2026-02-10,West,Keyboard,CUST-010,5,80,400,Retail
ORD-0031,2026-02-11,North,Monitor,CUST-011,1,150,150,Online
ORD-0032,2026-02-12,South,Desk,CUST-012,2,300,600,Retail
ORD-0033,2026-02-13,East,Notebook,CUST-001,3,25,75,Online
ORD-0034,2026-02-14,West,Keyboard,CUST-002,4,80,320,Retail
ORD-0035,2026-02-15,North,Monitor,CUST-003,5,150,750,Online
ORD-0036,2026-02-16,South,Desk,CUST-004,1,300,300,Retail
ORD-0037,2026-02-17,East,Notebook,CUST-005,2,25,50,Online
ORD-0038,2026-02-18,West,Keyboard,CUST-006,3,80,240,Retail
ORD-0039,2026-02-19,North,Monitor,,4,150,600,Online
ORD-0040,2026-02-20,South,Desk,CUST-008,5,300,1500,Retail
ORD-0041,2026-03-01,East,Notebook,CUST-001,1,25,25,Online
ORD-0042,2026-03-02,West,Keyboard,CUST-002,2,80,160,Retail
ORD-0043,2026-03-03,North,Monitor,CUST-003,3,150,450,Online
ORD-0044,2026-03-04,South,Desk,CUST-004,4,300,1200,Retail
ORD-0045,2026-03-05,East,Notebook,CUST-005,5,25,125,Online
ORD-0046,2026-03-06,West,Keyboard,CUST-006,1,80,80,Retail
ORD-0047,2026-03-07,North,Monitor,CUST-007,2,150,300,Online
ORD-0048,2026-03-08,South,Desk,CUST-008,3,300,900,Retail
ORD-0049,2026-03-09,East,Notebook,CUST-009,4,25,100,Online
ORD-0050,2026-03-10,West,Keyboard,CUST-010,5,80,400,Retail
ORD-0051,2026-03-11,North,Monitor,CUST-011,1,150,150,Online
ORD-0052,2026-03-12,South,Desk,CUST-012,2,300,600,Retail
ORD-0053,2026-03-13,East,Notebook,CUST-001,3,25,75,Online
ORD-0054,2026-03-14,West,Keyboard,CUST-002,4,80,320,Retail
ORD-0055,2026-03-15,North,Monitor,CUST-003,5,150,750,Online
ORD-0056,2026-03-16,South,Desk,CUST-004,1,300,300,Retail
ORD-0057,2026-03-17,East,Notebook,CUST-005,2,25,50,Online
ORD-0058,2026-03-18,West,Keyboard,CUST-006,3,80,240,Retail
ORD-0059,2026-03-19,North,Monitor,CUST-007,4,150,600,Online
ORD-0060,2026-03-20,South,Desk,CUST-008,5,300,1500,Retail
ORD-0061,2026-04-01,East,Notebook,CUST-001,1,25,25,Online
ORD-0062,2026-04-02,West,Keyboard,CUST-002,2,80,160,Retail
ORD-0063,2026-04-03,North,Monitor,CUST-003,3,150,450,Online
ORD-0064,2026-04-04,South,Desk,CUST-004,4,300,1200,Retail
ORD-0065,2026-04-05,East,Notebook,CUST-005,5,25,125,Online
ORD-0066,2026-04-06,West,Keyboard,CUST-006,1,80,80,Retail
ORD-0067,2026-04-07,North,Monitor,CUST-007,2,150,300,Online
ORD-0068,2026-04-08,South,Desk,CUST-008,3,300,900,Retail
ORD-0069,2026-04-09,East,Notebook,CUST-009,4,25,100,Online
ORD-0070,2026-04-10,West,Keyboard,CUST-010,5,80,400,Retail
ORD-0071,2026-04-11,North,Monitor,CUST-011,1,150,150,Online
ORD-0072,2026-04-12,South,Desk,CUST-012,2,300,600,Retail
ORD-0073,2026-04-13,East,Notebook,CUST-001,3,25,75,Online
ORD-0074,2026-04-14,West,Keyboard,CUST-002,4,80,320,Retail
ORD-0075,2026-04-15,North,Monitor,CUST-003,5,150,750,Online
ORD-0076,2026-04-16,South,Desk,CUST-004,1,300,300,Retail
ORD-0077,2026-04-17,East,Notebook,CUST-005,2,25,50,Online
ORD-0078,2026-04-18,West,Keyboard,CUST-006,3,80,240,Retail
ORD-0079,2026-04-19,North,Monitor,CUST-007,4,150,600,Online
ORD-0080,2026-04-20,South,Desk,CUST-008,5,300,1500,Retail
ORD-0081,2026-05-01,East,Notebook,CUST-001,1,25,25,Online
ORD-0082,2026-05-02,West,Keyboard,CUST-002,2,80,160,Retail
ORD-0083,2026-05-03,North,Monitor,CUST-003,3,150,450,Online
ORD-0084,2026-05-04,South,Desk,CUST-004,4,300,1200,Retail
ORD-0085,2026-05-05,East,Notebook,CUST-005,5,25,125,Online
ORD-0086,2026-05-06,West,Keyboard,CUST-006,1,80,80,Retail
ORD-0087,2026-05-07,North,Monitor,CUST-007,2,150,300,Online
ORD-0088,2026-05-08,South,Desk,CUST-008,3,300,900,Retail
ORD-0089,2026-05-09,East,Notebook,CUST-009,4,25,100,Online
ORD-0090,2026-05-10,West,Keyboard,CUST-010,5,80,400,Retail
ORD-0091,2026-05-11,North,Monitor,CUST-011,1,150,150,Online
ORD-0092,2026-05-12,South,Desk,CUST-012,2,300,600,Retail
ORD-0093,2026-05-13,East,Notebook,CUST-001,3,25,75,Online
ORD-0094,2026-05-14,West,Keyboard,CUST-002,4,80,320,Retail
ORD-0095,2026-05-15,North,Monitor,CUST-003,5,150,750,Online
ORD-0096,2026-05-16,South,Desk,CUST-004,1,300,300,Retail
ORD-0097,2026-05-17,East,Notebook,CUST-005,2,25,50,Online
ORD-0098,2026-05-18,West,Keyboard,CUST-006,3,80,240,Retail
ORD-0099,2026-05-19,North,Monitor,CUST-007,4,150,600,Online
ORD-0100,2026-05-20,South,Desk,CUST-008,5,300,1500,Retail
ORD-0101,2026-06-01,East,Notebook,CUST-001,1,25,25,Online
ORD-0102,2026-06-02,West,Keyboard,CUST-002,2,80,160,Retail
ORD-0103,2026-06-03,North,Monitor,CUST-003,3,150,450,Online
ORD-0104,2026-06-04,South,Desk,CUST-004,4,300,1200,Retail
ORD-0105,2026-06-05,East,Notebook,CUST-005,5,25,125,Online
ORD-0106,2026-06-06,West,Keyboard,CUST-006,1,80,80,Retail
ORD-0107,2026-06-07,North,Monitor,CUST-007,2,150,300,Online
ORD-0108,2026-06-08,South,Desk,CUST-008,3,300,900,Retail
ORD-0109,2026-06-09,East,Notebook,CUST-009,4,25,100,Online
ORD-0110,2026-06-10,West,Keyboard,CUST-010,5,80,400,Retail
ORD-0111,2026-06-11,North,Monitor,CUST-011,1,150,150,Online
ORD-0112,2026-06-12,South,Desk,CUST-012,2,300,600,Retail
ORD-0113,2026-06-13,East,Notebook,CUST-001,3,25,75,Online
ORD-0114,2026-06-14,West,Keyboard,CUST-002,4,80,320,Retail
ORD-0115,2026-06-15,North,Monitor,CUST-003,5,150,750,Online
ORD-0116,2026-06-16,South,Desk,CUST-004,1,300,300,Retail
ORD-0117,2026-06-17,East,Notebook,CUST-005,2,25,50,Online
ORD-0118,2026-06-18,West,Keyboard,CUST-006,3,80,240,Retail
ORD-0119,2026-06-19,North,Monitor,CUST-007,4,150,600,Online
ORD-0120,2026-06-20,South,Desk,CUST-008,5,300,1500,Retail
ORD-0006,2026-01-06,West,Keyboard,CUST-006,1,80,80,Retail
